LEVEL,AA,AG,AP,AR,GR,PR,ER,CR,OR,SCORE,AVGFPS,GAMING,PCP,SEX,AGG,PE,NAVGFPS,NPE,NFPSPE,NAA,NAG,NAP
1,3,3,3,3,5,5,5,4,4,1000,43,5,1,F,18 to 25,4.333333333,0.4848484848,0.8333333333,0.6590909091,1,1,1
1,3,3,3,5,5,5,5,5,5,1000,45,5,2,F,18 to 25,5,0.5454545455,1,0.7727272727,1,1,1
1,3,3,3,1,3,5,5,5,4,1000,45,3,3,M,18 to 25,3.833333333,0.5454545455,0.7083333333,0.6268939394,1,1,1
1,3,3,3,5,4,4,5,4,5,1000,46,3,4,F,12 to 17,4.5,0.5757575758,0.875,0.7253787879,1,1,1
1,3,3,3,3,5,5,5,3,4,1000,46,4,5,M,18 to 25,4.166666667,0.5757575758,0.7916666667,0.6837121212,1,1,1
1,3,3,3,1,2,3,5,2,3,1000,33,4,6,F,18 to 25,2.666666667,0.1818181818,0.4166666667,0.2992424242,1,1,1
1,3,3,3,1,3,3,5,4,4,1000,44,4,7,F,18 to 25,3.333333333,0.5151515152,0.5833333333,0.5492424242,1,1,1
1,3,3,3,5,5,4,5,5,5,1000,43,3,8,M,12 to 17,4.833333333,0.4848484848,0.9583333333,0.7215909091,1,1,1
1,3,3,3,5,5,5,5,5,5,323,44,5,9,F,18 to 25,5,0.5151515152,1,0.7575757576,1,1,1
2,3,3,2,2,5,5,3,3,4,1000,44,5,1,F,18 to 25,3.666666667,0.5151515152,0.6666666667,0.5909090909,1,1,0.5
2,3,3,2,5,5,5,5,5,5,1000,47,5,2,F,18 to 25,5,0.6060606061,1,0.803030303,1,1,0.5
2,3,3,2,4,4,5,5,5,4,1000,44,3,3,M,18 to 25,4.5,0.5151515152,0.875,0.6950757576,1,1,0.5
2,3,3,2,5,4,3,4,4,4,979,44,3,4,F,12 to 17,4,0.5151515152,0.75,0.6325757576,1,1,0.5
2,3,3,2,2,3,4,4,3,3,1000,46,4,5,M,18 to 25,3.166666667,0.5757575758,0.5416666667,0.5587121212,1,1,0.5
2,3,3,2,1,3,3,4,3,3,1000,43,4,6,F,18 to 25,2.833333333,0.4848484848,0.4583333333,0.4715909091,1,1,0.5
2,3,3,2,1,3,3,5,4,4,1000,45,4,7,F,18 to 25,3.333333333,0.5454545455,0.5833333333,0.5643939394,1,1,0.5
2,3,3,2,5,5,5,5,5,5,1000,43,3,8,M,12 to 17,5,0.4848484848,1,0.7424242424,1,1,0.5
2,3,3,2,4,5,5,5,5,5,864,46,5,9,F,18 to 25,4.833333333,0.5757575758,0.9583333333,0.7670454545,1,1,0.5
3,2,2,1,2,5,5,4,3,4,1000,44,5,1,F,18 to 25,3.833333333,0.5151515152,0.7083333333,0.6117424242,0.5,0.5,0
3,2,2,1,5,5,5,5,5,5,1000,46,5,2,F,18 to 25,5,0.5757575758,1,0.7878787879,0.5,0.5,0
3,2,2,1,4,4,4,5,5,4,1000,46,3,3,M,18 to 25,4.333333333,0.5757575758,0.8333333333,0.7045454545,0.5,0.5,0
3,2,2,1,1,2,3,1,1,1,323,41,3,4,F,12 to 17,1.5,0.4242424242,0.125,0.2746212121,0.5,0.5,0
3,2,2,1,4,5,5,5,4,5,1000,44,4,5,M,18 to 25,4.666666667,0.5151515152,0.9166666667,0.7159090909,0.5,0.5,0
3,2,2,1,3,3,3,4,3,3,1000,41,4,6,F,18 to 25,3.166666667,0.4242424242,0.5416666667,0.4829545455,0.5,0.5,0
3,2,2,1,3,3,3,5,4,4,1000,43,4,7,F,18 to 25,3.666666667,0.4848484848,0.6666666667,0.5757575758,0.5,0.5,0
3,2,2,1,5,5,5,5,5,5,1000,45,3,8,M,12 to 17,5,0.5454545455,1,0.7727272727,0.5,0.5,0
3,2,2,1,4,5,5,5,5,5,324,45,5,9,F,18 to 25,4.833333333,0.5454545455,0.9583333333,0.7518939394,0.5,0.5,0
4,1,1,2,1,5,5,2,3,3,1000,56,5,1,F,18 to 25,3.166666667,0.8787878788,0.5416666667,0.7102272727,0,0,0.5
4,1,1,2,5,4,4,5,5,5,1000,53,5,2,F,18 to 25,4.666666667,0.7878787879,0.9166666667,0.8522727273,0,0,0.5
4,1,1,2,1,4,4,4,5,4,1000,53,3,3,M,18 to 25,3.666666667,0.7878787879,0.6666666667,0.7272727273,0,0,0.5
4,1,1,2,2,3,3,4,3,4,1000,51,3,4,F,12 to 17,3.166666667,0.7272727273,0.5416666667,0.634469697,0,0,0.5
4,1,1,2,1,2,2,2,2,2,1000,57,4,5,M,18 to 25,1.833333333,0.9090909091,0.2083333333,0.5587121212,0,0,0.5
4,1,1,2,1,3,3,3,3,3,1000,48,4,6,F,18 to 25,2.666666667,0.6363636364,0.4166666667,0.5265151515,0,0,0.5
4,1,1,2,1,3,3,5,4,4,1000,52,4,7,F,18 to 25,3.333333333,0.7575757576,0.5833333333,0.6704545455,0,0,0.5
4,1,1,2,3,4,5,5,5,5,1000,53,3,8,M,12 to 17,4.5,0.7878787879,0.875,0.8314393939,0,0,0.5
4,1,1,2,1,5,5,5,5,5,398,59,5,9,F,18 to 25,4.333333333,0.9696969697,0.8333333333,0.9015151515,0,0,0.5
5,3,2,1,5,5,1,5,5,5,1000,44,5,1,F,18 to 25,4.333333333,0.5151515152,0.8333333333,0.6742424242,1,0.5,0
5,3,2,1,4,5,5,4,5,5,1000,43,5,2,F,18 to 25,4.666666667,0.4848484848,0.9166666667,0.7007575758,1,0.5,0
5,3,2,1,3,5,4,4,5,4,1000,43,3,3,M,18 to 25,4.166666667,0.4848484848,0.7916666667,0.6382575758,1,0.5,0
5,3,2,1,5,4,3,4,4,5,1000,44,3,4,F,12 to 17,4.166666667,0.5151515152,0.7916666667,0.6534090909,1,0.5,0
5,3,2,1,3,2,1,1,2,1,1000,44,4,5,M,18 to 25,1.666666667,0.5151515152,0.1666666667,0.3409090909,1,0.5,0
5,3,2,1,3,2,2,3,2,2,1000,41,4,6,F,18 to 25,2.333333333,0.4242424242,0.3333333333,0.3787878788,1,0.5,0
5,3,2,1,2,3,3,5,4,4,1000,46,4,7,F,18 to 25,3.5,0.5757575758,0.625,0.6003787879,1,0.5,0
5,3,2,1,5,5,5,5,5,5,1000,45,3,8,M,12 to 17,5,0.5454545455,1,0.7727272727,1,0.5,0
5,3,2,1,3,5,5,5,5,5,336,46,5,9,F,18 to 25,4.666666667,0.5757575758,0.9166666667,0.7462121212,1,0.5,0
6,1,2,3,2,5,3,4,3,3,1000,44,5,1,F,18 to 25,3.333333333,0.5151515152,0.5833333333,0.5492424242,0,0.5,1
6,1,2,3,3,4,5,3,5,4,1000,43,5,2,F,18 to 25,4,0.4848484848,0.75,0.6174242424,0,0.5,1
6,1,2,3,1,3,4,5,5,4,1000,43,3,3,M,18 to 25,3.666666667,0.4848484848,0.6666666667,0.5757575758,0,0.5,1
6,1,2,3,2,4,3,4,4,4,1000,44,3,4,F,12 to 17,3.5,0.5151515152,0.625,0.5700757576,0,0.5,1
6,1,2,3,1,3,3,3,2,2,1000,45,4,5,M,18 to 25,2.333333333,0.5454545455,0.3333333333,0.4393939394,0,0.5,1
6,1,2,3,1,3,4,3,2,3,858,44,4,6,F,18 to 25,2.666666667,0.5151515152,0.4166666667,0.4659090909,0,0.5,1
6,1,2,3,1,3,3,5,4,4,1000,42,4,7,F,18 to 25,3.333333333,0.4545454545,0.5833333333,0.5189393939,0,0.5,1
6,1,2,3,3,5,5,5,5,5,1000,44,3,8,M,12 to 17,4.666666667,0.5151515152,0.9166666667,0.7159090909,0,0.5,1
6,1,2,3,1,5,5,5,5,5,724,45,5,9,F,18 to 25,4.333333333,0.5454545455,0.8333333333,0.6893939394,0,0.5,1
7,1,1,3,1,5,5,3,3,4,1000,57,5,1,F,18 to 25,3.5,0.9090909091,0.625,0.7670454545,0,0,1
7,1,1,3,3,4,5,4,5,4,1000,53,5,2,F,18 to 25,4.166666667,0.7878787879,0.7916666667,0.7897727273,0,0,1
7,1,1,3,1,5,5,5,5,5,1000,53,3,3,M,18 to 25,4.333333333,0.7878787879,0.8333333333,0.8106060606,0,0,1
7,1,1,3,2,4,4,4,4,4,1000,51,3,4,F,12 to 17,3.666666667,0.7272727273,0.6666666667,0.696969697,0,0,1
7,1,1,3,1,2,1,1,1,1,1000,53,4,5,M,18 to 25,1.166666667,0.7878787879,0.04166666667,0.4147727273,0,0,1
7,1,1,3,1,2,3,3,3,3,1000,56,4,6,F,18 to 25,2.5,0.8787878788,0.375,0.6268939394,0,0,1
7,1,1,3,1,3,3,5,4,4,1000,53,4,7,F,18 to 25,3.333333333,0.7878787879,0.5833333333,0.6856060606,0,0,1
7,1,1,3,3,4,5,5,5,5,1000,52,3,8,M,12 to 17,4.5,0.7575757576,0.875,0.8162878788,0,0,1
7,1,1,3,1,5,5,5,5,5,998,60,5,9,F,18 to 25,4.333333333,1,0.8333333333,0.9166666667,0,0,1
8,1,2,2,1,5,5,4,4,3,1000,47,5,1,F,18 to 25,3.666666667,0.6060606061,0.6666666667,0.6363636364,0,0.5,0.5
8,1,2,2,1,5,4,5,4,4,464,45,5,2,F,18 to 25,3.833333333,0.5454545455,0.7083333333,0.6268939394,0,0.5,0.5
8,1,2,2,1,3,3,4,5,4,1000,42,3,3,M,18 to 25,3.333333333,0.4545454545,0.5833333333,0.5189393939,0,0.5,0.5
8,1,2,2,2,4,4,4,4,4,1000,43,3,4,F,12 to 17,3.666666667,0.4848484848,0.6666666667,0.5757575758,0,0.5,0.5
8,1,2,2,1,5,5,4,4,4,1000,42,4,5,M,18 to 25,3.833333333,0.4545454545,0.7083333333,0.5814393939,0,0.5,0.5
8,1,2,2,1,4,3,3,3,3,1000,44,4,6,F,18 to 25,2.833333333,0.5151515152,0.4583333333,0.4867424242,0,0.5,0.5
8,1,2,2,1,3,3,5,4,4,1000,35,4,7,F,18 to 25,3.333333333,0.2424242424,0.5833333333,0.4128787879,0,0.5,0.5
8,1,2,2,3,4,5,5,5,5,1000,43,3,8,M,12 to 17,4.5,0.4848484848,0.875,0.6799242424,0,0.5,0.5
8,1,2,2,1,5,5,5,5,5,1000,44,5,9,F,18 to 25,4.333333333,0.5151515152,0.8333333333,0.6742424242,0,0.5,0.5
9,2,3,3,5,4,5,5,5,5,1000,46,5,1,F,18 to 25,4.833333333,0.5757575758,0.9583333333,0.7670454545,0.5,1,1
9,2,3,3,5,5,5,5,5,1,1000,47,5,2,F,18 to 25,4.333333333,0.6060606061,0.8333333333,0.7196969697,0.5,1,1
9,2,3,3,4,4,4,5,5,4,1000,40,3,3,M,18 to 25,4.333333333,0.3939393939,0.8333333333,0.6136363636,0.5,1,1
9,2,3,3,1,2,3,2,1,1,1000,44,3,4,F,12 to 17,1.666666667,0.5151515152,0.1666666667,0.3409090909,0.5,1,1
9,2,3,3,5,5,5,5,5,5,1000,44,4,5,M,18 to 25,5,0.5151515152,1,0.7575757576,0.5,1,1
9,2,3,3,5,4,4,4,4,4,1000,27,4,6,F,18 to 25,4.166666667,0,0.7916666667,0.3958333333,0.5,1,1
9,2,3,3,4,3,3,5,5,5,1000,44,4,7,F,18 to 25,4.166666667,0.5151515152,0.7916666667,0.6534090909,0.5,1,1
9,2,3,3,5,5,5,5,5,5,1000,45,3,8,M,12 to 17,5,0.5454545455,1,0.7727272727,0.5,1,1
9,2,3,3,4,5,5,5,5,5,1000,45,5,9,F,18 to 25,4.833333333,0.5454545455,0.9583333333,0.7518939394,0.5,1,1
10,3,3,1,2,5,5,4,4,4,699,43,5,1,F,18 to 25,4,0.4848484848,0.75,0.6174242424,1,1,0
10,3,3,1,4,5,5,5,5,5,1000,50,5,2,F,18 to 25,4.833333333,0.696969697,0.9583333333,0.8276515152,1,1,0
10,3,3,1,2,5,5,5,5,5,1000,40,3,3,M,18 to 25,4.5,0.3939393939,0.875,0.634469697,1,1,0
10,3,3,1,4,4,3,4,4,4,618,42,3,4,F,12 to 17,3.833333333,0.4545454545,0.7083333333,0.5814393939,1,1,0
10,3,3,1,2,4,1,2,2,2,1000,42,4,5,M,18 to 25,2.166666667,0.4545454545,0.2916666667,0.3731060606,1,1,0
10,3,3,1,4,4,4,3,3,4,314,42,4,6,F,18 to 25,3.666666667,0.4545454545,0.6666666667,0.5606060606,1,1,0
10,3,3,1,1,3,3,4,4,4,1000,43,4,7,F,18 to 25,3.166666667,0.4848484848,0.5416666667,0.5132575758,1,1,0
10,3,3,1,5,5,5,5,5,5,1000,39,3,8,M,12 to 17,5,0.3636363636,1,0.6818181818,1,1,0
10,3,3,1,4,5,5,5,5,5,1000,44,5,9,F,18 to 25,4.833333333,0.5151515152,0.9583333333,0.7367424242,1,1,0
11,2,3,2,5,4,5,4,5,4,1000,44,5,1,F,18 to 25,4.5,0.5151515152,0.875,0.6950757576,0.5,1,0.5
11,2,3,2,5,5,5,5,5,5,1000,45,5,2,F,18 to 25,5,0.5454545455,1,0.7727272727,0.5,1,0.5
11,2,3,2,4,4,3,5,5,4,1000,42,3,3,M,18 to 25,4.166666667,0.4545454545,0.7916666667,0.6231060606,0.5,1,0.5
11,2,3,2,1,4,4,4,2,3,1000,45,3,4,F,12 to 17,3,0.5454545455,0.5,0.5227272727,0.5,1,0.5
11,2,3,2,5,5,4,4,4,4,1000,40,4,5,M,18 to 25,4.333333333,0.3939393939,0.8333333333,0.6136363636,0.5,1,0.5
11,2,3,2,4,3,3,3,3,3,392,41,4,6,F,18 to 25,3.166666667,0.4242424242,0.5416666667,0.4829545455,0.5,1,0.5
11,2,3,2,4,3,3,5,4,5,1000,44,4,7,F,18 to 25,4,0.5151515152,0.75,0.6325757576,0.5,1,0.5
11,2,3,2,5,5,5,5,5,5,1000,44,3,8,M,12 to 17,5,0.5151515152,1,0.7575757576,0.5,1,0.5
11,2,3,2,4,5,5,5,5,5,1000,45,5,9,F,18 to 25,4.833333333,0.5454545455,0.9583333333,0.7518939394,0.5,1,0.5
12,3,1,2,5,2,5,5,5,5,1000,32,5,1,F,18 to 25,4.5,0.1515151515,0.875,0.5132575758,1,0,0.5
12,3,1,2,5,5,5,5,5,5,1000,56,5,2,F,18 to 25,5,0.8787878788,1,0.9393939394,1,0,0.5
12,3,1,2,3,2,3,3,5,4,1000,52,3,3,M,18 to 25,3.333333333,0.7575757576,0.5833333333,0.6704545455,1,0,0.5
12,3,1,2,3,3,3,3,3,3,1000,52,3,4,F,12 to 17,3,0.7575757576,0.5,0.6287878788,1,0,0.5
12,3,1,2,5,2,3,4,4,4,1000,53,4,5,M,18 to 25,3.666666667,0.7878787879,0.6666666667,0.7272727273,1,0,0.5
12,3,1,2,5,5,5,5,4,5,1000,52,4,6,F,18 to 25,4.833333333,0.7575757576,0.9583333333,0.8579545455,1,0,0.5
12,3,1,2,1,4,4,5,4,5,1000,57,4,7,F,18 to 25,3.833333333,0.9090909091,0.7083333333,0.8087121212,1,0,0.5
12,3,1,2,5,5,5,5,5,5,1000,52,3,8,M,12 to 17,5,0.7575757576,1,0.8787878788,1,0,0.5
12,3,1,2,4,5,5,5,5,5,1000,58,5,9,F,18 to 25,4.833333333,0.9393939394,0.9583333333,0.9488636364,1,0,0.5
13,2,2,2,3,4,5,5,5,5,1000,46,5,1,F,18 to 25,4.5,0.5757575758,0.875,0.7253787879,0.5,0.5,0.5
13,2,2,2,5,5,5,5,5,5,1000,43,5,2,F,18 to 25,5,0.4848484848,1,0.7424242424,0.5,0.5,0.5
13,2,2,2,4,3,3,5,5,4,1000,45,3,3,M,18 to 25,4,0.5454545455,0.75,0.6477272727,0.5,0.5,0.5
13,2,2,2,1,3,3,3,2,2,616,35,3,4,F,12 to 17,2.333333333,0.2424242424,0.3333333333,0.2878787879,0.5,0.5,0.5
13,2,2,2,5,5,5,5,4,5,1000,45,4,5,M,18 to 25,4.833333333,0.5454545455,0.9583333333,0.7518939394,0.5,0.5,0.5
13,2,2,2,4,4,4,4,3,4,1000,44,4,6,F,18 to 25,3.833333333,0.5151515152,0.7083333333,0.6117424242,0.5,0.5,0.5
13,2,2,2,5,5,5,5,5,5,1000,44,4,7,F,18 to 25,5,0.5151515152,1,0.7575757576,0.5,0.5,0.5
13,2,2,2,5,5,5,5,5,5,1000,43,3,8,M,12 to 17,5,0.4848484848,1,0.7424242424,0.5,0.5,0.5
13,2,2,2,4,5,5,5,5,5,1000,45,5,9,F,18 to 25,4.833333333,0.5454545455,0.9583333333,0.7518939394,0.5,0.5,0.5
14,2,1,1,5,5,1,5,5,5,1000,55,5,1,F,18 to 25,4.333333333,0.8484848485,0.8333333333,0.8409090909,0.5,0,0
14,2,1,1,4,5,5,4,4,4,1000,53,5,2,F,18 to 25,4.333333333,0.7878787879,0.8333333333,0.8106060606,0.5,0,0
14,2,1,1,1,3,3,5,5,4,886,53,3,3,M,18 to 25,3.5,0.7878787879,0.625,0.7064393939,0.5,0,0
14,2,1,1,1,2,2,1,1,1,321,41,3,4,F,12 to 17,1.333333333,0.4242424242,0.08333333333,0.2537878788,0.5,0,0
14,2,1,1,4,3,3,1,1,1,1000,53,4,5,M,18 to 25,2.166666667,0.7878787879,0.2916666667,0.5397727273,0.5,0,0
14,2,1,1,4,2,2,3,3,3,1000,52,4,6,F,18 to 25,2.833333333,0.7575757576,0.4583333333,0.6079545455,0.5,0,0
14,2,1,1,5,5,5,5,5,5,1000,56,4,7,F,18 to 25,5,0.8787878788,1,0.9393939394,0.5,0,0
14,2,1,1,5,5,5,5,5,5,1000,52,3,8,M,12 to 17,5,0.7575757576,1,0.8787878788,0.5,0,0
14,2,1,1,4,5,5,5,5,5,1000,58,5,9,F,18 to 25,4.833333333,0.9393939394,0.9583333333,0.9488636364,0.5,0,0
15,2,1,3,5,5,5,4,4,4,1000,52,5,1,F,18 to 25,4.5,0.7575757576,0.875,0.8162878788,0.5,0,1
15,2,1,3,5,4,4,5,5,5,1000,52,5,2,F,18 to 25,4.666666667,0.7575757576,0.9166666667,0.8371212121,0.5,0,1
15,2,1,3,3,3,4,5,5,4,1000,51,3,3,M,18 to 25,4,0.7272727273,0.75,0.7386363636,0.5,0,1
15,2,1,3,1,4,3,3,2,3,1000,44,3,4,F,12 to 17,2.666666667,0.5151515152,0.4166666667,0.4659090909,0.5,0,1
15,2,1,3,4,3,2,2,2,2,1000,53,4,5,M,18 to 25,2.5,0.7878787879,0.375,0.5814393939,0.5,0,1
15,2,1,3,4,2,2,3,3,3,1000,52,4,6,F,18 to 25,2.833333333,0.7575757576,0.4583333333,0.6079545455,0.5,0,1
15,2,1,3,4,3,3,5,4,4,1000,58,4,7,F,18 to 25,3.833333333,0.9393939394,0.7083333333,0.8238636364,0.5,0,1
15,2,1,3,5,5,5,5,5,5,935,54,3,8,M,12 to 17,5,0.8181818182,1,0.9090909091,0.5,0,1
15,2,1,3,4,5,5,5,5,5,1000,58,5,9,F,18 to 25,4.833333333,0.9393939394,0.9583333333,0.9488636364,0.5,0,1
16,2,2,3,5,5,4,4,5,4,1000,44,5,1,F,18 to 25,4.5,0.5151515152,0.875,0.6950757576,0.5,0.5,1
16,2,2,3,5,5,5,5,5,5,1000,43,5,2,F,18 to 25,5,0.4848484848,1,0.7424242424,0.5,0.5,1
16,2,2,3,3,4,4,5,4,4,806,44,3,3,M,18 to 25,4,0.5151515152,0.75,0.6325757576,0.5,0.5,1
16,2,2,3,1,4,4,3,2,3,1000,43,3,4,F,12 to 17,2.833333333,0.4848484848,0.4583333333,0.4715909091,0.5,0.5,1
16,2,2,3,5,3,2,2,1,2,1000,44,4,5,M,18 to 25,2.5,0.5151515152,0.375,0.4450757576,0.5,0.5,1
16,2,2,3,4,3,3,3,3,3,1255,49,4,6,F,18 to 25,3.166666667,0.6666666667,0.5416666667,0.6041666667,0.5,0.5,1
16,2,2,3,4,3,3,4,4,4,1000,44,4,7,F,18 to 25,3.666666667,0.5151515152,0.6666666667,0.5909090909,0.5,0.5,1
16,2,2,3,5,5,5,5,5,5,1000,42,3,8,M,12 to 17,5,0.4545454545,1,0.7272727273,0.5,0.5,1
16,2,2,3,4,5,5,5,5,5,1000,45,5,9,F,18 to 25,4.833333333,0.5454545455,0.9583333333,0.7518939394,0.5,0.5,1
17,2,1,2,5,5,5,5,5,5,1000,51,5,1,F,18 to 25,5,0.7272727273,1,0.8636363636,0.5,0,0.5
17,2,1,2,5,4,4,4,4,5,1000,51,5,2,F,18 to 25,4.333333333,0.7272727273,0.8333333333,0.7803030303,0.5,0,0.5
17,2,1,2,4,3,4,5,5,4,1000,54,3,3,M,18 to 25,4.166666667,0.8181818182,0.7916666667,0.8049242424,0.5,0,0.5
17,2,1,2,1,4,3,3,2,3,1000,53,3,4,F,12 to 17,2.666666667,0.7878787879,0.4166666667,0.6022727273,0.5,0,0.5
17,2,1,2,4,3,5,4,4,4,1000,54,4,5,M,18 to 25,4,0.8181818182,0.75,0.7840909091,0.5,0,0.5
17,2,1,2,4,2,2,2,2,2,1000,51,4,6,F,18 to 25,2.333333333,0.7272727273,0.3333333333,0.5303030303,0.5,0,0.5
17,2,1,2,4,5,5,5,5,5,1000,53,4,7,F,18 to 25,4.833333333,0.7878787879,0.9583333333,0.8731060606,0.5,0,0.5
17,2,1,2,5,5,5,5,5,5,1000,53,3,8,M,12 to 17,5,0.7878787879,1,0.8939393939,0.5,0,0.5
17,2,1,2,4,5,5,5,5,5,688,59,5,9,F,18 to 25,4.833333333,0.9696969697,0.9583333333,0.9640151515,0.5,0,0.5
18,2,3,1,5,4,2,5,5,5,1000,45,5,1,F,18 to 25,4.333333333,0.5454545455,0.8333333333,0.6893939394,0.5,1,0
18,2,3,1,5,5,5,5,5,5,1000,41,5,2,F,18 to 25,5,0.4242424242,1,0.7121212121,0.5,1,0
18,2,3,1,3,3,4,5,5,4,1000,44,3,3,M,18 to 25,4,0.5151515152,0.75,0.6325757576,0.5,1,0
18,2,3,1,1,4,3,3,2,2,329,40,3,4,F,12 to 17,2.5,0.3939393939,0.375,0.384469697,0.5,1,0
18,2,3,1,4,4,4,4,3,4,1000,45,4,5,M,18 to 25,3.833333333,0.5454545455,0.7083333333,0.6268939394,0.5,1,0
18,2,3,1,4,5,5,4,4,4,1000,43,4,6,F,18 to 25,4.333333333,0.4848484848,0.8333333333,0.6590909091,0.5,1,0
18,2,3,1,2,3,3,4,4,4,1000,41,4,7,F,18 to 25,3.333333333,0.4242424242,0.5833333333,0.5037878788,0.5,1,0
18,2,3,1,5,5,5,5,5,5,1000,43,3,8,M,12 to 17,5,0.4848484848,1,0.7424242424,0.5,1,0
18,2,3,1,4,5,5,5,5,5,999,45,5,9,F,18 to 25,4.833333333,0.5454545455,0.9583333333,0.7518939394,0.5,1,0
19,1,1,1,1,3,5,3,5,4,1000,52,5,1,F,18 to 25,3.5,0.7575757576,0.625,0.6912878788,0,0,0
19,1,1,1,3,3,3,4,3,3,1000,40,5,2,F,18 to 25,3.166666667,0.3939393939,0.5416666667,0.4678030303,0,0,0
19,1,1,1,1,3,3,3,5,4,1000,53,3,3,M,18 to 25,3.166666667,0.7878787879,0.5416666667,0.6647727273,0,0,0
19,1,1,1,2,3,2,2,3,2,1000,53,3,4,F,12 to 17,2.333333333,0.7878787879,0.3333333333,0.5606060606,0,0,0
19,1,1,1,1,1,1,1,1,1,1000,53,4,5,M,18 to 25,1,0.7878787879,0,0.3939393939,0,0,0
19,1,1,1,1,3,1,2,2,2,1000,46,4,6,F,18 to 25,1.833333333,0.5757575758,0.2083333333,0.3920454545,0,0,0
19,1,1,1,2,3,3,4,4,4,1000,47,4,7,F,18 to 25,3.333333333,0.6060606061,0.5833333333,0.5946969697,0,0,0
19,1,1,1,3,5,5,5,5,5,1000,53,3,8,M,12 to 17,4.666666667,0.7878787879,0.9166666667,0.8522727273,0,0,0
19,1,1,1,1,5,5,5,5,5,1000,58,5,9,F,18 to 25,4.333333333,0.9393939394,0.8333333333,0.8863636364,0,0,0
20,3,1,3,1,4,5,5,5,5,1000,46,5,1,F,18 to 25,4.166666667,0.5757575758,0.7916666667,0.6837121212,1,0,1
20,3,1,3,3,3,3,4,4,3,1000,52,5,2,F,18 to 25,3.333333333,0.7575757576,0.5833333333,0.6704545455,1,0,1
20,3,1,3,2,3,4,5,5,4,1000,52,3,3,M,18 to 25,3.833333333,0.7575757576,0.7083333333,0.7329545455,1,0,1
20,3,1,3,2,3,3,3,4,3,1000,55,3,4,F,12 to 17,3,0.8484848485,0.5,0.6742424242,1,0,1
20,3,1,3,1,1,5,4,4,3,809,55,4,5,M,18 to 25,3,0.8484848485,0.5,0.6742424242,1,0,1
20,3,1,3,2,1,1,1,1,1,1000,52,4,6,F,18 to 25,1.166666667,0.7575757576,0.04166666667,0.3996212121,1,0,1
20,3,1,3,1,2,2,3,3,3,1000,47,4,7,F,18 to 25,2.333333333,0.6060606061,0.3333333333,0.4696969697,1,0,1
20,3,1,3,5,5,5,5,5,5,327,52,3,8,M,12 to 17,5,0.7575757576,1,0.8787878788,1,0,1
20,3,1,3,3,5,5,5,5,5,1000,51,5,9,F,18 to 25,4.666666667,0.7272727273,0.9166666667,0.821969697,1,0,1
21,1,2,1,1,4,1,5,5,5,1000,45,5,1,F,18 to 25,3.5,0.5454545455,0.625,0.5852272727,0,0.5,0
21,1,2,1,3,5,5,4,4,4,1000,43,5,2,F,18 to 25,4.166666667,0.4848484848,0.7916666667,0.6382575758,0,0.5,0
21,1,2,1,2,3,3,5,5,4,1000,44,3,3,M,18 to 25,3.666666667,0.5151515152,0.6666666667,0.5909090909,0,0.5,0
21,1,2,1,1,3,2,2,3,2,1000,42,3,4,F,12 to 17,2.166666667,0.4545454545,0.2916666667,0.3731060606,0,0.5,0
21,1,2,1,1,5,4,3,3,3,1000,44,4,5,M,18 to 25,3.166666667,0.5151515152,0.5416666667,0.5284090909,0,0.5,0
21,1,2,1,1,3,2,2,3,2,1000,43,4,6,F,18 to 25,2.166666667,0.4848484848,0.2916666667,0.3882575758,0,0.5,0
21,1,2,1,1,2,2,3,3,3,1000,41,4,7,F,18 to 25,2.333333333,0.4242424242,0.3333333333,0.3787878788,0,0.5,0
21,1,2,1,3,5,5,5,5,5,1000,45,3,8,M,12 to 17,4.666666667,0.5454545455,0.9166666667,0.7310606061,0,0.5,0
21,1,2,1,1,5,5,5,5,5,1000,45,5,9,F,18 to 25,4.333333333,0.5454545455,0.8333333333,0.6893939394,0,0.5,0
22,1,3,1,1,4,5,5,5,5,1000,44,5,1,F,18 to 25,4.166666667,0.5151515152,0.7916666667,0.6534090909,0,1,0
22,1,3,1,3,5,5,4,4,4,1000,43,5,2,F,18 to 25,4.166666667,0.4848484848,0.7916666667,0.6382575758,0,1,0
22,1,3,1,2,3,4,5,4,4,1000,43,3,3,M,18 to 25,3.666666667,0.4848484848,0.6666666667,0.5757575758,0,1,0
22,1,3,1,1,2,2,2,2,2,1000,44,3,4,F,12 to 17,1.833333333,0.5151515152,0.2083333333,0.3617424242,0,1,0
22,1,3,1,1,5,1,2,1,2,1000,42,4,5,M,18 to 25,2,0.4545454545,0.25,0.3522727273,0,1,0
22,1,3,1,1,4,3,3,3,3,665,43,4,6,F,18 to 25,2.833333333,0.4848484848,0.4583333333,0.4715909091,0,1,0
22,1,3,1,1,3,3,3,3,3,1000,41,4,7,F,18 to 25,2.666666667,0.4242424242,0.4166666667,0.4204545455,0,1,0
22,1,3,1,3,5,5,5,5,5,1000,46,3,8,M,12 to 17,4.666666667,0.5757575758,0.9166666667,0.7462121212,0,1,0
22,1,3,1,1,5,5,5,5,5,1000,44,5,9,F,18 to 25,4.333333333,0.5151515152,0.8333333333,0.6742424242,0,1,0
23,3,2,3,5,4,5,5,5,5,1000,44,5,1,F,18 to 25,4.833333333,0.5151515152,0.9583333333,0.7367424242,1,0.5,1
23,3,2,3,5,5,5,5,5,5,1000,44,5,2,F,18 to 25,5,0.5151515152,1,0.7575757576,1,0.5,1
23,3,2,3,3,4,4,5,5,4,1000,43,3,3,M,18 to 25,4.166666667,0.4848484848,0.7916666667,0.6382575758,1,0.5,1
23,3,2,3,3,3,3,3,3,3,1000,44,3,4,F,12 to 17,3,0.5151515152,0.5,0.5075757576,1,0.5,1
23,3,2,3,4,4,5,4,3,4,944,43,4,5,M,18 to 25,4,0.4848484848,0.75,0.6174242424,1,0.5,1
23,3,2,3,3,3,2,3,2,3,1000,37,4,6,F,18 to 25,2.666666667,0.303030303,0.4166666667,0.3598484848,1,0.5,1
23,3,2,3,2,2,2,3,3,3,1000,37,4,7,F,18 to 25,2.5,0.303030303,0.375,0.3390151515,1,0.5,1
23,3,2,3,5,5,5,5,5,5,1000,44,3,8,M,12 to 17,5,0.5151515152,1,0.7575757576,1,0.5,1
23,3,2,3,4,5,5,5,5,5,1000,45,5,9,F,18 to 25,4.833333333,0.5454545455,0.9583333333,0.7518939394,1,0.5,1
24,3,2,2,1,5,5,5,4,5,1000,45,5,1,F,18 to 25,4.166666667,0.5454545455,0.7916666667,0.6685606061,1,0.5,0.5
24,3,2,2,3,5,5,4,4,4,1000,43,5,2,F,18 to 25,4.166666667,0.4848484848,0.7916666667,0.6382575758,1,0.5,0.5
24,3,2,2,2,4,4,4,5,4,1000,44,3,3,M,18 to 25,3.833333333,0.5151515152,0.7083333333,0.6117424242,1,0.5,0.5
24,3,2,2,4,4,3,4,4,3,1000,43,3,4,F,12 to 17,3.666666667,0.4848484848,0.6666666667,0.5757575758,1,0.5,0.5
24,3,2,2,2,4,4,4,4,4,1000,42,4,5,M,18 to 25,3.666666667,0.4545454545,0.6666666667,0.5606060606,1,0.5,0.5
24,3,2,2,1,4,4,3,3,3,1000,42,4,6,F,18 to 25,3,0.4545454545,0.5,0.4772727273,1,0.5,0.5
24,3,2,2,1,3,3,3,3,3,1000,40,4,7,F,18 to 25,2.666666667,0.3939393939,0.4166666667,0.4053030303,1,0.5,0.5
24,3,2,2,4,5,5,5,5,5,1000,43,3,8,M,12 to 17,4.833333333,0.4848484848,0.9583333333,0.7215909091,1,0.5,0.5
24,3,2,2,3,5,5,5,5,5,1000,45,5,9,F,18 to 25,4.666666667,0.5454545455,0.9166666667,0.7310606061,1,0.5,0.5
25,3,1,1,2,4,5,5,5,5,1000,51,5,1,F,18 to 25,4.333333333,0.7272727273,0.8333333333,0.7803030303,1,0,0
25,3,1,1,3,5,5,4,4,4,1000,52,5,2,F,18 to 25,4.166666667,0.7575757576,0.7916666667,0.7746212121,1,0,0
25,3,1,1,2,4,4,4,5,4,1000,52,3,3,M,18 to 25,3.833333333,0.7575757576,0.7083333333,0.7329545455,1,0,0
25,3,1,1,3,3,2,3,2,3,1000,55,3,4,F,12 to 17,2.666666667,0.8484848485,0.4166666667,0.6325757576,1,0,0
25,3,1,1,1,2,1,1,2,1,997,53,4,5,M,18 to 25,1.333333333,0.7878787879,0.08333333333,0.4356060606,1,0,0
25,3,1,1,1,4,3,3,3,3,1000,53,4,6,F,18 to 25,2.833333333,0.7878787879,0.4583333333,0.6231060606,1,0,0
25,3,1,1,1,4,4,4,4,4,999,53,4,7,F,18 to 25,3.5,0.7878787879,0.625,0.7064393939,1,0,0
25,3,1,1,4,5,5,5,5,5,1000,53,3,8,M,12 to 17,4.833333333,0.7878787879,0.9583333333,0.8731060606,1,0,0
25,3,1,1,2,5,5,5,5,5,1000,59,5,9,F,18 to 25,4.5,0.9696969697,0.875,0.9223484848,1,0,0
26,1,3,2,1,3,5,5,4,4,1000,44,5,1,F,18 to 25,3.666666667,0.5151515152,0.6666666667,0.5909090909,0,1,0.5
26,1,3,2,3,5,5,4,4,4,1000,43,5,2,F,18 to 25,4.166666667,0.4848484848,0.7916666667,0.6382575758,0,1,0.5
26,1,3,2,2,4,3,4,4,4,1000,43,3,3,M,18 to 25,3.5,0.4848484848,0.625,0.5549242424,0,1,0.5
26,1,3,2,1,3,3,4,3,3,1000,43,3,4,F,12 to 17,2.833333333,0.4848484848,0.4583333333,0.4715909091,0,1,0.5
26,1,3,2,1,5,5,5,5,4,1000,42,4,5,M,18 to 25,4.166666667,0.4545454545,0.7916666667,0.6231060606,0,1,0.5
26,1,3,2,1,5,4,3,3,4,1000,40,4,6,F,18 to 25,3.333333333,0.3939393939,0.5833333333,0.4886363636,0,1,0.5
26,1,3,2,1,4,4,4,4,4,1000,42,4,7,F,18 to 25,3.5,0.4545454545,0.625,0.5397727273,0,1,0.5
26,1,3,2,3,5,5,5,5,5,1000,43,3,8,M,12 to 17,4.666666667,0.4848484848,0.9166666667,0.7007575758,0,1,0.5
26,1,3,2,2,5,5,5,5,5,760,46,5,9,F,18 to 25,4.5,0.5757575758,0.875,0.7253787879,0,1,0.5
27,1,3,3,1,3,5,5,3,4,1000,43,5,1,F,18 to 25,3.5,0.4848484848,0.625,0.5549242424,0,1,1
27,1,3,3,3,5,5,4,4,4,1248,44,5,2,F,18 to 25,4.166666667,0.5151515152,0.7916666667,0.6534090909,0,1,1
27,1,3,3,2,5,5,5,5,5,1000,43,3,3,M,18 to 25,4.5,0.4848484848,0.875,0.6799242424,0,1,1
27,1,3,3,1,3,3,3,3,2,952,44,3,4,F,12 to 17,2.5,0.5151515152,0.375,0.4450757576,0,1,1
27,1,3,3,1,5,4,4,4,4,1000,43,4,5,M,18 to 25,3.666666667,0.4848484848,0.6666666667,0.5757575758,0,1,1
27,1,3,3,1,4,4,4,4,3,1000,43,4,6,F,18 to 25,3.333333333,0.4848484848,0.5833333333,0.5340909091,0,1,1
27,1,3,3,1,2,2,3,3,3,1000,44,4,7,F,18 to 25,2.333333333,0.5151515152,0.3333333333,0.4242424242,0,1,1
27,1,3,3,3,5,5,5,5,5,1000,46,3,8,M,12 to 17,4.666666667,0.5757575758,0.9166666667,0.7462121212,0,1,1
27,1,3,3,1,5,5,5,5,5,998,44,5,9,F,18 to 25,4.333333333,0.5151515152,0.8333333333,0.6742424242,0,1,1